ID;Property;Description:;Data type;Area;Defining reference;Alternate names
0x00000001;PidLidAttendeeCriticalChange;Specifies the date and time at which the meeting-related object was sent.;PtypTime, 0x0040;Meetings;[MS-OXOCAL] section 2.2.5.2;LID_ATTENDEE_CRITICAL_CHANGE
0x00000002;PidLidWhere;Contains the value of the PidLidLocation property (section 2.159) from the associated Meeting object.;PtypString, 0x001F;Meetings;[MS-OXOCAL] section 2.2.5.3;LID_WHERE
0x00000003;PidLidGlobalObjectId;Contains an ID for an object that represents an exception to a recurring series.;PtypBinary, 0x0102;Meetings;[MS-OXOCAL] section 2.2.1.27;LID_GLOBAL_OBJID
0x00000004;PidLidIsSilent;Indicates whether the user did not include any text in the body of the Meeting Response object.;PtypBoolean, 0x000B;Meetings;[MS-OXOCAL] section 2.2.7.7;LID_IS_SILENT
0x00000005;PidLidIsRecurring;Specifies whether the object is associated with a recurring series.;PtypBoolean, 0x000B;Meetings;[MS-OXOCAL] section 2.2.1.13;LID_IS_RECURRING
0x00000006;PidLidRequiredAttendees;Identifies required attendees for the appointment or meeting.;PtypString, 0x001F;Meetings;[MS-XWDCAL] section 2.2.7.63;LID_REQUIRED_ATTENDEES
0x00000007;PidLidOptionalAttendees;Specifies optional attendees.;PtypString, 0x001F;Meetings;[MS-XWDCAL] section 2.2.7.45;LID_OPTIONAL_ATTENDEES
0x00000008;PidLidResourceAttendees;Identifies resource attendees for the appointment or meeting.;PtypString, 0x001F;Meetings;[MS-XWDCAL] section 2.2.7.64;LID_RESOURCE_ATTENDEES
0x00000009;PidLidDelegateMail;Indicates whether a delegate responded to the meeting request.;PtypBoolean, 0x000B;Meetings;[MS-XWDCAL] section 2.2.7.21;LID_DELEGATE_MAIL
0x0000000A;PidLidIsException;Indicates whether the object represents an exception (including an orphan instance).;PtypBoolean, 0x000B;Meetings;[MS-OXOCAL] section 2.2.1.35;LID_IS_EXCEPTION
0x0000000C;PidLidTimeZone;Specifies information about the time zone of a recurring meeting.;PtypInteger32, 0x0003;Meetings;[MS-OXOCAL] section 2.2.5.6;LID_TIME_ZONE
0x0000000D;PidLidStartRecurrenceDate;Identifies the start date of the recurrence pattern.;PtypInteger32, 0x0003;Meetings;[MS-XWDCAL] section 2.2.7.66;LID_START_RECUR_DATE
0x0000000E;PidLidStartRecurrenceTime;Identifies the start time of the recurrence pattern.;PtypInteger32, 0x0003;Meetings;[MS-XWDCAL] section 2.2.7.67;LID_START_RECUR_TIME
0x0000000F;PidLidEndRecurrenceDate;Identifies the end date of the recurrence range.;PtypInteger32, 0x0003;Meetings;[MS-XWDCAL] section 2.2.7.22;LID_END_RECUR_DATE
0x00000010;PidLidEndRecurrenceTime;Identifies the end time of the recurrence range.;PtypInteger32, 0x0003;Meetings;[MS-XWDCAL] section 2.2.7.23;LID_END_RECUR_TIME
0x00000011;PidLidDayInterval;Identifies the day interval for the recurrence pattern.;PtypInteger16, 0x0002;Meetings;[MS-XWDCAL] section 2.2.7.19;LID_DAY_INTERVAL
0x00000012;PidLidWeekInterval;Identifies the number of weeks that occur between each meeting.;PtypInteger16, 0x0002;Meetings;[MS-XWDCAL] section 2.2.7.71;LID_WEEK_INTERVAL
0x00000013;PidLidMonthInterval;Indicates the monthly interval of the appointment or meeting.;PtypInteger16, 0x0002;Meetings;[MS-XWDCAL] section 2.2.7.33;LID_MONTH_INTERVAL
0x00000014;PidLidYearInterval;Indicates the yearly interval of the appointment or meeting.;PtypInteger16, 0x0002;Meetings;[MS-XWDCAL] section 2.2.7.73;LID_YEAR_INTERVAL
0x00000015;PidLidClientIntent; Indicates what actions the user has taken on this Meeting object.;PtypInteger32, 0x0003;Calendar;[MS-OXOCAL] section 2.2.2.4;dispidClientIntent
0x00000017;PidLidMonthOfYearMask;Indicates the calculated month of the year in which the appointment or meeting occurs.;PtypInteger32, 0x0003;Meetings;[MS-XWDCAL] section 2.2.7.35;LID_MOY_MASK
0x00000018;PidLidOldRecurrenceType;Indicates the recurrence pattern for the appointment or meeting.;PtypInteger16, 0x0002;Meetings;[MS-XWDCAL] section 2.2.7.44;LID_RECUR_TYPE
0x0000001A;PidLidOwnerCriticalChange;Specifies the date and time at which a Meeting Request object was sent by the organizer.;PtypTime, 0x0040;Meetings;[MS-OXOCAL] section 2.2.1.34;LID_OWNER_CRITICAL_CHANGE
0x0000001C;PidLidCalendarType;Contains the value of the CalendarType field from the PidLidAppointmentRecur property (section 2.22).;PtypInteger32, 0x0003;Meetings;[MS-OXOCAL] section 2.2.6.11;LID_CALENDAR_TYPE
0x00000023;PidLidCleanGlobalObjectId;Contains the value of the PidLidGlobalObjectId property (section 2.142) for an object that represents an Exception object to a recurring series, where the Year, Month, and Day fields are all zero.;PtypBinary, 0x0102;Meetings;[MS-OXOCAL] section 2.2.1.28;dispidCleanGlobalObjId
0x00000024;PidLidAppointmentMessageClass;Indicates the message class of the Meeting object to be generated from the Meeting Request object.;PtypString, 0x001F;Meetings;[MS-OXOCAL] section 2.2.6.6;dispidApptMessageClass
0x00000026;PidLidMeetingType;Indicates the type of Meeting Request object or Meeting Update object.;PtypInteger32, 0x0003;Meetings;[MS-OXOCAL] section 2.2.6.5;dispidMeetingType
0x00000028;PidLidOldLocation;Indicates the original value of the PidLidLocation property (section 2.159) before a meeting update.;PtypString, 0x001F;Meetings;[MS-OXOCAL] section 2.2.6.7;dispidOldLocation
0x00000029;PidLidOldWhenStartWhole;Indicates the original value of the PidLidAppointmentStartWhole property (section 2.29) before a meeting update.;PtypTime, 0x0040;Meetings;[MS-OXOCAL] section 2.2.6.8;dispidOldWhenStartWhole
0x0000002A;PidLidOldWhenEndWhole;Indicates the original value of the PidLidAppointmentEndWhole property (section 2.14) before a meeting update.;PtypTime, 0x0040;Meetings;[MS-OXOCAL] section 2.2.6.9;dispidOldWhenEndWhole
0x00001000;PidLidDayOfMonth;Identifies the day of the month for the appointment or meeting.;PtypInteger32, 0x0003;Calendar;[MS-XWDCAL] section 2.2.7.20;
0x00001001;PidLidICalendarDayOfWeekMask;Identifies the day of the week for the appointment or meeting.;PtypInteger32, 0x0003;Calendar;[MS-XWDCAL] section 2.2.7.27;http://schemas.microsoft.com/mapi/dayofweekmask
0x00001005;PidLidOccurrences;Indicates the number of occurrences in the recurring appointment or meeting.;PtypInteger32, 0x0003;Calendar;[MS-XWDCAL] section 2.2.7.43;
0x00001006;PidLidMonthOfYear;Indicates the month of the year in which the appointment or meeting occurs.;PtypInteger32, 0x0003;Calendar;[MS-XWDCAL] section 2.2.7.34;
0x0000100B;PidLidNoEndDateFlag;Indicates whether the recurrence pattern has an end date.;PtypBoolean, 0x000B;Calendar;[MS-XWDCAL] section 2.2.7.36;http://schemas.microsoft.com/mapi/fnoenddate
0x0000100D;PidLidRecurrenceDuration;Identifies the length, in minutes, of the appointment or meeting.;PtypInteger32, 0x0003;Calendar;[MS-XWDCAL] section 2.2.7.48;
0x00008005;PidLidFileUnder;Specifies the name under which to file a contact when displaying a list of contacts. ;PtypString, 0x001F;Contact Properties;[MS-OXOCNTC] section 2.2.1.1.11;dispidFileUnder
0x00008006;PidLidFileUnderId;Specifies how to generate and recompute the value of the PidLidFileUnder property (section 2.132) when other contact name properties change.;PtypInteger32, 0x0003;Contact Properties;[MS-OXOCNTC] section 2.2.1.1.12;dispidFileUnderId
0x00008007;PidLidContactItemData;Specifies the visible fields in the application's user interface that are used to help display the contact information. ;PtypMultipleInteger32, 0x1003;Contact Properties;[MS-OXOCNTC] section 2.2.1.10.22;dispidContactItemData
0x00008010;PidLidDepartment;This property is ignored by the server and is set to an empty string by the client.;PtypString, 0x001F;Contact Properties;[MS-OXOCNTC] section 2.2.1.6.4;dispidDepartment
0x00008015;PidLidHasPicture;Specifies whether the attachment has a picture.;PtypBoolean, 0x000B;Contact Properties;[MS-OXOCNTC] section 2.2.1.8.1;dispidHasPicture
0x0000801A;PidLidHomeAddress;Specifies the complete address of the home address of the contact.;PtypString, 0x001F;Contact Properties;[MS-OXOCNTC] section 2.2.1.3.8;dispidHomeAddress
0x0000801B;PidLidWorkAddress;Specifies the complete address of the work address of the contact.;PtypString, 0x001F;Contact Properties;[MS-OXOCNTC] section 2.2.1.3.8;dispidWorkAddress
0x0000801C;PidLidOtherAddress;Specifies the complete address of the other address of the contact.;PtypString, 0x001F;Contact Properties;[MS-OXOCNTC] section 2.2.1.3.8;dispidOtherAddress
0x00008022;PidLidPostalAddressId;Specifies which physical address is the mailing address for this contact.;PtypInteger32, 0x0003;Contact Properties;[MS-OXOCNTC] section 2.2.1.3.9;dispidPostalAddressId
0x00008023;PidLidContactCharacterSet;Specifies the character set used for a Contact object.;PtypInteger32, 0x0003;Contact Properties;[MS-OXOCNTC] section 2.2.1.10.18;dispidContactCharSet
0x00008025;PidLidAutoLog;Specifies to the application whether to create a Journal object for each action associated with this Contact object.;PtypBoolean, 0x000B;Contact Properties;[MS-OXOCNTC] section 2.2.1.10.19;dispidAutoLog
0x00008026;PidLidFileUnderList;Specifies a list of possible values for the PidLidFileUnderId property (section 2.133).;PtypMultipleInteger32, 0x1003;Contact Properties;[MS-OXOCNTC] section 2.2.1.1.13;dispidFileUnderList
0x00008028;PidLidAddressBookProviderEmailList;Specifies which electronic address properties are set on the Contact object.;PtypMultipleInteger32, 0x1003;Contact Properties;[MS-OXOCNTC] section 2.2.1.2.11;dispidABPEmailList
0x00008029;PidLidAddressBookProviderArrayType;Specifies the state of the electronic addresses of the contact and represents a set of bit flags.;PtypInteger32, 0x0003;Contact Properties;[MS-OXOCNTC] section 2.2.1.2.12;dispidABPArrayType
0x0000802B;PidLidHtml;Specifies the business webpage URL of the contact. ;PtypString, 0x001F;Contact Properties;[MS-OXOCNTC] section 2.2.1.10.12;dispidHTML
0x0000802C;PidLidYomiFirstName;Specifies the phonetic pronunciation of the given name of the contact.;PtypString, 0x001F;Contact Properties;[MS-OXOCNTC] section 2.2.1.1.9;dispidYomiFirstName
0x0000802D;PidLidYomiLastName;Specifies the phonetic pronunciation of the surname of the contact.;PtypString, 0x001F;Contact Properties;[MS-OXOCNTC] section 2.2.1.1.10;dispidYomiLastName
0x0000802E;PidLidYomiCompanyName;Specifies the phonetic pronunciation of the company name of the contact.;PtypString, 0x001F;Contact Properties;[MS-OXOCNTC] section 2.2.1.6.8;dispidYomiCompanyName
0x00008040;PidLidBusinessCardDisplayDefinition;Contains user customization details for displaying a contact as a business card. ;PtypBinary, 0x0102;Contact Properties;[MS-OXOCNTC] section 2.2.1.7.1;dispidBCDisplayDefinition
0x00008041;PidLidBusinessCardCardPicture;Contains the image to be used on a business card.;PtypBinary, 0x0102;Contact Properties;[MS-OXOCNTC] section 2.2.1.7.2;dispidBCCardPicture
0x00008045;PidLidPromptSendUpdate;Indicates that the Meeting Response object was out-of-date when it was received.;PtypBoolean, 0x000B;Meeting Response;[MS-OXOCAL] section 2.2.7.8;dispidPromptSendUpdate
0x00008045;PidLidWorkAddressStreet;Specifies the street portion of the work address of the contact.;PtypString, 0x001F;Contact Properties;[MS-OXOCNTC] section 2.2.1.3.1;dispidWorkAddressStreet
0x00008046;PidLidWorkAddressCity;Specifies the city or locality portion of the work address of the contact.;PtypString, 0x001F;Contact Properties;[MS-OXOCNTC] section 2.2.1.3.2;dispidWorkAddressCity
0x00008047;PidLidWorkAddressState;Specifies the state or province portion of the work address of the contact.;PtypString, 0x001F;Contact Properties;[MS-OXOCNTC] section 2.2.1.3.3;dispidWorkAddressState
0x00008048;PidLidWorkAddressPostalCode;Specifies the postal code (ZIP code) portion of the work address of the contact.;PtypString, 0x001F;Contact Properties;[MS-OXOCNTC] section 2.2.1.3.4;dispidWorkAddressPostalCode
0x00008049;PidLidWorkAddressCountry;Specifies the country or region portion of the work address of the contact.;PtypString, 0x001F;Contact Properties;[MS-OXOCNTC] section 2.2.1.3.5;dispidWorkAddressCountry
0x0000804A;PidLidWorkAddressPostOfficeBox;Specifies the post office box portion of the work address of the contact.;PtypString, 0x001F;Contact Properties;[MS-OXOCNTC] section 2.2.1.3.7;dispidWorkAddressPostOfficeBox
0x0000804C;PidLidDistributionListChecksum;Specifies the 32-bit cyclic redundancy check (CRC) polynomial checksum, as specified in [ISO/IEC8802-3], calculated on the value of the PidLidDistributionListMembers property (section 2.96).;PtypInteger32, 0x0003;Contact Properties;[MS-OXOCNTC] section 2.2.2.2.3;dispidDLChecksum
0x0000804D;PidLidBirthdayEventEntryId;Specifies the EntryID of an optional Appointment object that represents the birthday of the contact.;PtypBinary, 0x0102;Contact Properties;[MS-OXOCNTC] section 2.2.1.5.3;dispidBirthdayEventEID
0x0000804E;PidLidAnniversaryEventEntryId;Specifies the EntryID of the Appointment object that represents an anniversary of the contact.;PtypBinary, 0x0102;Contact Properties;[MS-OXOCNTC] section 2.2.1.5.6;dispidAnniversaryEventEID
0x0000804F;PidLidContactUserField1;Contains text used to add custom text to a business card representation of a Contact object.;PtypString, 0x001F;Contact Properties;[MS-OXOCNTC] section 2.2.1.7.3;dispidContactUserField1
0x00008050;PidLidContactUserField2;Contains text used to add custom text to a business card representation of a Contact object.;PtypString, 0x001F;Contact Properties;[MS-OXOCNTC] section 2.2.1.7.3;dispidContactUserField2
0x00008051;PidLidContactUserField3;Contains text used to add custom text to a business card representation of a Contact object.;PtypString, 0x001F;Contact Properties;[MS-OXOCNTC] section 2.2.1.7.3;dispidContactUserField3
0x00008052;PidLidContactUserField4;Contains text used to add custom text to a business card representation of a Contact object.;PtypString, 0x001F;Contact Properties;[MS-OXOCNTC] section 2.2.1.7.3;dispidContactUserField4
0x00008053;PidLidDistributionListName;Specifies the name of the personal distribution list. ;PtypString, 0x001F;Contact Properties;[MS-OXOCNTC] section 2.2.2.1.2;dispidDLName
0x00008054;PidLidDistributionListOneOffMembers;Specifies the list of one-off EntryIDs corresponding to the members of the personal distribution list. ;PtypMultipleBinary, 0x1102;Contact Properties;[MS-OXOCNTC] section 2.2.2.2.2;dispidDLOneOffMembers
0x00008055;PidLidDistributionListMembers;Specifies the list of EntryIDs of the objects corresponding to the members of the personal distribution list. ;PtypMultipleBinary, 0x1102;Contact Properties;[MS-OXOCNTC] section 2.2.2.2.1;dispidDLMembers
0x00008062;PidLidInstantMessagingAddress;Specifies the instant messaging address of the contact.;PtypString, 0x001F;Contact Properties;[MS-OXOCNTC] section 2.2.1.10.6;dispidInstMsg
0x00008064;PidLidDistributionListStream;Specifies the list of EntryIDs and one-off EntryIDs corresponding to the members of the personal distribution list.;PtypBinary, 0x0102;Contact Properties;[MS-OXOCNTC] section 2.2.2.2.4;dispidDLStream
0x00008080;PidLidEmail1DisplayName;Specifies the user-readable display name for the email address.;PtypString, 0x001F;Contact Properties;[MS-OXOCNTC] section 2.2.1.2.1;dispidEmail1DisplayName
0x00008082;PidLidEmail1AddressType;Specifies the address type of an electronic address.;PtypString, 0x001F;Contact Properties;[MS-OXOCNTC] section 2.2.1.2.2;dispidEmail1AddrType
0x00008083;PidLidEmail1EmailAddress;Specifies the email address of the contact.;PtypString, 0x001F;Contact Properties;[MS-OXOCNTC] section 2.2.1.2.3;dispidEmail1EmailAddress
0x00008084;PidLidEmail1OriginalDisplayName;Specifies the SMTP email address that corresponds to the email address for the Contact object.;PtypString, 0x001F;Contact Properties;[MS-OXOCNTC] section 2.2.1.2.4;dispidEmail1OriginalDisplayName, Email1OriginalDisplayName, EXSCHEMA_MAPI_EMAIL1ORIGINALDISPLAYNAME
0x00008085;PidLidEmail1OriginalEntryId;Specifies the EntryID of the object corresponding to this electronic address.;PtypBinary, 0x0102;Contact Properties;[MS-OXOCNTC] section 2.2.1.2.5;dispidEmail1OriginalEntryID
0x00008090;PidLidEmail2DisplayName;Specifies the user-readable display name for the email address.;PtypString, 0x001F;Contact Properties;[MS-OXOCNTC] section 2.2.1.2.1;dispidEmail2DisplayName
0x00008092;PidLidEmail2AddressType;Specifies the address type of the electronic address.;PtypString, 0x001F;Contact Properties;[MS-OXOCNTC] section 2.2.1.2.2;dispidEmail2AddrType
0x00008093;PidLidEmail2EmailAddress;Specifies the email address of the contact.;PtypString, 0x001F;Contact Properties;[MS-OXOCNTC] section 2.2.1.2.3;dispidEmail2EmailAddress
0x00008094;PidLidEmail2OriginalDisplayName;Specifies the SMTP email address that corresponds to the email address for the Contact object.;PtypString, 0x001F;Contact Properties;[MS-OXOCNTC] section 2.2.1.2.4;dispidEmail2OriginalDisplayName
0x00008095;PidLidEmail2OriginalEntryId;Specifies the EntryID of the object that corresponds to this electronic address.;PtypBinary, 0x0102;Contact Properties;[MS-OXOCNTC] section 2.2.1.2.5;dispidEmail2OriginalEntryID
0x000080A0;PidLidEmail3DisplayName;Specifies the user-readable display name for the email address.;PtypString, 0x001F;Contact Properties;[MS-OXOCNTC] section 2.2.1.2.1;dispidEmail3DisplayName
0x000080A2;PidLidEmail3AddressType;Specifies the address type of the electronic address.;PtypString, 0x001F;Contact Properties;[MS-OXOCNTC] section 2.2.1.2.2;dispidEmail3AddrType
0x000080A3;PidLidEmail3EmailAddress;Specifies the email address of the contact.;PtypString, 0x001F;Contact Properties;[MS-OXOCNTC] section 2.2.1.2.3;dispidEmail3EmailAddress
0x000080A4;PidLidEmail3OriginalDisplayName;Specifies the SMTP email address that corresponds to the email address for the Contact object.;PtypString, 0x001F;Contact Properties;[MS-OXOCNTC] section 2.2.1.2.4;dispidEmail3OriginalDisplayName
0x000080A5;PidLidEmail3OriginalEntryId;Specifies the EntryID of the object that corresponds to this electronic address.;PtypBinary, 0x0102;Contact Properties;[MS-OXOCNTC] section 2.2.1.2.5;dispidEmail3OriginalEntryID
0x000080B2;PidLidFax1AddressType;"Contains the string value ""FAX"".";PtypString, 0x001F;Contact Properties;[MS-OXOCNTC] section 2.2.1.2.7;dispidFax1AddrType
0x000080B3;PidLidFax1EmailAddress;"Contains a user-readable display name, followed by the ""@"" character, followed by a fax number.";PtypString, 0x001F;Contact Properties;[MS-OXOCNTC] section 2.2.1.2.8;dispidFax1EmailAddress
0x000080B4;PidLidFax1OriginalDisplayName;Contains the same value as the PidTagNormalizedSubject property (section 2.812).;PtypString, 0x001F;Contact Properties;[MS-OXOCNTC] section 2.2.1.2.9;dispidFax1OriginalDisplayName
0x000080B5;PidLidFax1OriginalEntryId;Specifies a one-off EntryID that corresponds to this fax address.;PtypBinary, 0x0102;Contact Properties;[MS-OXOCNTC] section 2.2.1.2.10;dispidFax1OriginalEntryID
0x000080C2;PidLidFax2AddressType;"Contains the string value ""FAX"".";PtypString, 0x001F;Contact Properties;[MS-OXOCNTC] section 2.2.1.2.7;dispidFax2AddrType
0x000080C3;PidLidFax2EmailAddress;"Contains a user-readable display name, followed by the ""@"" character, followed by a fax number.";PtypString, 0x001F;Contact Properties;[MS-OXOCNTC] section 2.2.1.2.8;dispidFax2EmailAddress
0x000080C4;PidLidFax2OriginalDisplayName;Contains the same value as the PidTagNormalizedSubject property (section 2.812).;PtypString, 0x001F;Contact Properties;[MS-OXOCNTC] section 2.2.1.2.9;dispidFax2OriginalDisplayName
0x000080C5;PidLidFax2OriginalEntryId;Specifies a one-off EntryID corresponding to this fax address.;PtypBinary, 0x0102;Contact Properties;[MS-OXOCNTC] section 2.2.1.2.10;dispidFax2OriginalEntryID
0x000080D2;PidLidFax3AddressType;"Contains the string value ""FAX"".";PtypString, 0x001F;Contact Properties;[MS-OXOCNTC] section 2.2.1.2.7;dispidFax3AddrType
0x000080D3;PidLidFax3EmailAddress;"Contains a user-readable display name, followed by the ""@"" character, followed by a fax number.";PtypString, 0x001F;Contact Properties;[MS-OXOCNTC] section 2.2.1.2.8;dispidFax3EmailAddress
0x000080D4;PidLidFax3OriginalDisplayName;Contains the same value as the PidTagNormalizedSubject property (section 2.812).;PtypString, 0x001F;Contact Properties;[MS-OXOCNTC] section 2.2.1.2.9;dispidFax3OriginalDisplayName
0x000080D5;PidLidFax3OriginalEntryId;Specifies a one-off EntryID that corresponds to this fax address.;PtypBinary, 0x0102;Contact Properties;[MS-OXOCNTC] section 2.2.1.2.10;dispidFax3OriginalEntryID
0x000080D8;PidLidFreeBusyLocation;Specifies a URL path from which a client can retrieve free/busy status information for the contact.;PtypString, 0x001F;Contact Properties;[MS-OXOCNTC] section 2.2.1.10.10;dispidFreeBusyLocation
0x000080DA;PidLidHomeAddressCountryCode;Specifies the country code portion of the home address of the contact.;PtypString, 0x001F;Contact Properties;[MS-OXOCNTC] section 2.2.1.3.6;dispidHomeAddressCountryCode
0x000080DB;PidLidWorkAddressCountryCode;Specifies the country code portion of the work address of the contact.;PtypString, 0x001F;Contact Properties;[MS-OXOCNTC] section 2.2.1.3.6;dispidWorkAddressCountryCode
0x000080DC;PidLidOtherAddressCountryCode;Specifies the country code portion of the other address of the contact.;PtypString, 0x001F;Contact Properties;[MS-OXOCNTC] section 2.2.1.3.6;dispidOtherAddressCountryCode
0x000080DD;PidLidAddressCountryCode;Specifies the country code portion of the mailing address of the contact.;PtypString, 0x001F;Contact Properties;[MS-OXOCNTC] section 2.2.1.3.6;dispidAddressCountryCode
0x000080DE;PidLidBirthdayLocal;Specifies the birthday of a contact.;PtypTime, 0x0040;Contact Properties;[MS-OXOCNTC] section 2.2.1.5.2;dispidApptBirthdayLocal
0x000080DF;PidLidWeddingAnniversaryLocal;Specifies the wedding anniversary of the contact, at midnight in the client's local time zone, and is saved without any time zone conversions.;PtypTime, 0x0040;Contact Properties;[MS-OXOCNTC] section 2.2.1.5.5;dispidApptAnniversaryLocal
0x000080E0;PidLidIsContactLinked;Specifies whether the contact is linked to other contacts.; PtypBoolean, 0x000B;Contact Properties;[MS-OXOCNTC] section 2.2.1.9.6;dispidIsContactLinked
0x000080E2;PidLidContactLinkedGlobalAddressListEntryId;Specifies the EntryID of the GAL contact to which the duplicate contact is linked.; PtypBinary, 0x0102;Contact Properties;[MS-OXOCNTC] section 2.2.1.9.1;dispidContactLinkedGALEntryID
0x000080E3;PidLidContactLinkSMTPAddressCache;Contains a list of the SMTP addresses that are used by the contact.; PtypMultipleString, 0x101F;Contact Properties;[MS-OXOCNTC] section 2.2.1.9.5;dispidContactLinkSMTPAddressCache
0x000080E5;PidLidContactLinkLinkRejectHistory;Contains a list of GAL contacts that were previously rejected for linking with the duplicate contact.; PtypMultipleBinary, 0x1102;Contact Properties;[MS-OXOCNTC] section 2.2.1.9.4;dispidContactLinkLinkRejectHistory
0x000080E6;PidLidContactLinkGlobalAddressListLinkState;Specifies the state of the linking between the GAL contact and the duplicate contact.; PtypInteger32, 0x0003;Contact Properties;[MS-OXOCNTC] section 2.2.1.9.3;dispidContactLinkGALLinkState
0x000080E8;PidLidContactLinkGlobalAddressListLinkId;Specifies the GUID of the GAL contact to which the duplicate contact is linked.; PtypGuid, 0x0048;Contact Properties;[MS-OXOCNTC] section 2.2.1.9.2;dispidContactLinkGALLinkID
0x00008101;PidLidTaskStatus;Specifies the status of a task.;PtypInteger32, 0x0003;Tasks;[MS-OXOTASK] section 2.2.2.2.2;dispidTaskStatus
0x00008102;PidLidPercentComplete;Indicates whether a time-flagged Message object is complete.;PtypFloating64, 0x0005;Tasks;[MS-OXOFLAG] section 2.2.2.3;dispidPercentComplete
0x00008103;PidLidTeamTask;This property is set by the client but is ignored by the server.;PtypBoolean, 0x000B;Tasks;[MS-OXOTASK] section 2.2.2.2.36;dispidTeamTask
0x00008104;PidLidTaskStartDate;Specifies the date on which the user expects work on the task to begin.;PtypTime, 0x0040;Tasks;[MS-OXOTASK] section 2.2.2.2.4;dispidTaskStartDate
0x00008105;PidLidTaskDueDate;Specifies the date by which the user expects work on the task to be complete.;PtypTime, 0x0040;Tasks;[MS-OXOTASK] section 2.2.2.2.5;dispidTaskDueDate
0x00008107;PidLidTaskResetReminder;Indicates whether future instances of recurring tasks need reminders, even though the value of the PidLidReminderSet property (section 2.222) is 0x00.;PtypBoolean, 0x000B;Tasks;[MS-OXOTASK] section 2.2.2.2.6;dispidTaskResetReminder
0x00008108;PidLidTaskAccepted;Indicates whether a task assignee has replied to a task request for this Task object.;PtypBoolean, 0x000B;Tasks;[MS-OXOTASK] section 2.2.2.2.7;dispidTaskAccepted
0x00008109;PidLidTaskDeadOccurrence;Indicates whether new occurrences remain to be generated.;PtypBoolean, 0x000B;Tasks;[MS-OXOTASK] section 2.2.2.2.8;dispidTaskDeadOccur
0x0000810F;PidLidTaskDateCompleted;Specifies the date when the user completed work on the task.;PtypTime, 0x0040;Tasks;[MS-OXOTASK] section 2.2.2.2.9;dispidTaskDateCompleted
0x00008110;PidLidTaskActualEffort;Indicates the number of minutes that the user actually spent working on a task.;PtypInteger32, 0x0003;Tasks;[MS-OXOTASK] section 2.2.2.2.11;dispidTaskActualEffort
0x00008111;PidLidTaskEstimatedEffort;Indicates the number of minutes that the user expects to work on a task.;PtypInteger32, 0x0003;Tasks;[MS-OXOTASK] section 2.2.2.2.12;dispidTaskEstimatedEffort
0x00008112;PidLidTaskVersion;Indicates which copy is the latest update of a Task object.;PtypInteger32, 0x0003;Tasks;[MS-OXOTASK] section 2.2.2.2.13;dispidTaskVersion
0x00008113;PidLidTaskState;Indicates the current assignment state of the Task object.;PtypInteger32, 0x0003;Tasks;[MS-OXOTASK] section 2.2.2.2.14;dispidTaskState
0x00008115;PidLidTaskLastUpdate;Contains the date and time of the most recent change made to the Task object.;PtypTime, 0x0040;Tasks;[MS-OXOTASK] section 2.2.2.2.10;dispidTaskLastUpdate
0x00008116;PidLidTaskRecurrence;Contains a RecurrencePattern structure that provides information about recurring tasks.;PtypBinary, 0x0102;Tasks;[MS-OXOTASK] section 2.2.2.2.15;dispidTaskRecur
0x00008117;PidLidTaskAssigners;Contains a stack of entries, each of which represents a task assigner.;PtypBinary, 0x0102;Tasks;[MS-OXOTASK] section 2.2.2.2.16;dispidTaskMyDelegators
0x00008119;PidLidTaskStatusOnComplete;Indicates whether the task assignee has been requested to send an email message update upon completion of the assigned task.;PtypBoolean, 0x000B;Tasks;[MS-OXOTASK] section 2.2.2.2.17;dispidTaskSOC
0x0000811A;PidLidTaskHistory;Indicates the type of change that was last made to the Task object.;PtypInteger32, 0x0003;Tasks;[MS-OXOTASK] section 2.2.2.2.18;dispidTaskHistory
0x0000811B;PidLidTaskUpdates;Indicates whether the task assignee has been requested to send a task update when the assigned Task object changes.;PtypBoolean, 0x000B;Tasks;[MS-OXOTASK] section 2.2.2.2.19;dispidTaskUpdates
0x0000811C;PidLidTaskComplete;Indicates that the task is complete.;PtypBoolean, 0x000B;Tasks;[MS-OXOTASK] section 2.2.2.2.20;dispidTaskComplete
0x0000811E;PidLidTaskFCreator;Indicates that the Task object was originally created by the action of the current user or user agent instead of by the processing of a task request. ;PtypBoolean, 0x000B;Tasks;[MS-OXOTASK] section 2.2.2.2.21;dispidTaskFCreator
0x0000811F;PidLidTaskOwner;Contains the name of the owner of the task.;PtypString, 0x001F;Tasks;[MS-OXOTASK] section 2.2.2.2.22;dispidTaskOwner
0x00008120;PidLidTaskMultipleRecipients;Provides optimization hints about the recipients of a Task object.;PtypInteger32, 0x0003;Tasks;[MS-OXOTASK] section 2.2.2.2.23;dispidTaskMultRecips
0x00008121;PidLidTaskAssigner;Specifies the name of the user that last assigned the task.;PtypString, 0x001F;Tasks;[MS-OXOTASK] section 2.2.2.2.24;dispidTaskDelegator
0x00008122;PidLidTaskLastUser;Contains the name of the most recent user to have been the owner of the task.;PtypString, 0x001F;Tasks;[MS-OXOTASK] section 2.2.2.2.25;dispidTaskLastUser
0x00008123;PidLidTaskOrdinal;Provides an aid to custom sorting of Task objects.;PtypInteger32, 0x0003;Tasks;[MS-OXOTASK] section 2.2.2.2.26;dispidTaskOrdinal
0x00008124;PidLidTaskNoCompute;Not used. The client can set this property, but it has no impact on the Task-Related Objects Protocol and is ignored by the server.;PtypBoolean, 0x000B;Tasks;[MS-OXOTASK] section 2.2.2.2.35;dispidTaskNoCompute
0x00008125;PidLidTaskLastDelegate;Contains the name of the user who most recently assigned the task, or the user to whom it was most recently assigned.;PtypString, 0x001F;Tasks;[MS-OXOTASK] section 2.2.2.2.27;dispidTaskLastDelegate
0x00008126;PidLidTaskFRecurring;Indicates whether the task includes a recurrence pattern.;PtypBoolean, 0x000B;Tasks;[MS-OXOTASK] section 2.2.2.2.28;dispidTaskFRecur
0x00008127;PidLidTaskRole;Not used. The client can set this property, but it has no impact on the Task-Related Objects Protocol and is ignored by the server.;PtypString, 0x001F;Tasks;[MS-OXOTASK] section 2.2.2.2.34;dispidTaskRole
0x00008129;PidLidTaskOwnership;Indicates the role of the current user relative to the Task object.;PtypInteger32, 0x0003;Tasks;[MS-OXOTASK] section 2.2.2.2.29;dispidTaskOwnership
0x0000812A;PidLidTaskAcceptanceState;Indicates the acceptance state of the task.;PtypInteger32, 0x0003;Tasks;[MS-OXOTASK] section 2.2.2.2.30;dispidTaskDelegValue
0x0000812C;PidLidTaskFFixOffline;Indicates the accuracy of the PidLidTaskOwner property (section 2.328).;PtypBoolean, 0x000B;Tasks;[MS-OXOTASK] section 2.2.2.2.31;dispidTaskFFixOffline
0x00008139;PidLidTaskCustomFlags;The client can set this property, but it has no impact on the Task-Related Objects Protocol and is ignored by the server.;PtypInteger32, 0x0003;Tasks;[MS-OXOTASK] section 2.2.2.2.33;dispidTaskCustomFlags
0x00008201;PidLidAppointmentSequence;Specifies the sequence number of a Meeting object.;PtypInteger32, 0x0003;Meetings;[MS-OXOCAL] section 2.2.1.1;dispidApptSequence
0x00008202;PidLidAppointmentSequenceTime;Indicates the date and time at which the PidLidAppointmentSequence property (section 2.25) was last modified.;PtypTime, 0x0040;Meetings;[MS-OXOCAL] section 2.2.4.1;dispidApptSeqTime
0x00008203;PidLidAppointmentLastSequence;Indicates to the organizer the last sequence number that was sent to any attendee.;PtypInteger32, 0x0003;Meetings;[MS-OXOCAL] section 2.2.4.2;dispidApptLastSequence
0x00008204;PidLidChangeHighlight;Specifies a bit field that indicates how the Meeting object has changed.;PtypInteger32, 0x0003;Meetings;[MS-OXOCAL] section 2.2.6.2;dispidChangeHighlight
0x00008205;PidLidBusyStatus;Specifies the availability of a user for the event described by the object.;PtypInteger32, 0x0003;Calendar;[MS-OXOCAL] section 2.2.1.2;dispidBusyStatus
0x00008206;PidLidFExceptionalBody;Indicates that the Exception Embedded Message object has a body that differs from the Recurring Calendar object. ;PtypBoolean, 0x000B;Meetings;[MS-OXOCAL] section 2.2.10.2.6;dispidFExceptionalBody
0x00008207;PidLidAppointmentAuxiliaryFlags;Specifies a bit field that describes the auxiliary state of the object.;PtypInteger32, 0x0003;Meetings;[MS-OXOCAL] section 2.2.1.3;dispidApptAuxFlags
0x00008208;PidLidLocation;Specifies the location of the event.;PtypString, 0x001F;Calendar;[MS-OXOCAL] section 2.2.1.4;dispidLocation
0x00008209;PidLidMeetingWorkspaceUrl;Specifies the URL of the Meeting Workspace that is associated with a Calendar object.;PtypString, 0x001F;Meetings;[MS-OXOCAL] section 2.2.1.48;dispidMWSURL
0x0000820A;PidLidForwardInstance;Indicates whether the Meeting Request object represents an exception to a recurring series, and whether it was forwarded (even when forwarded by the organizer) rather than being an invitation sent by the organizer.;PtypBoolean, 0x000B;Meetings;[MS-OXOCAL] section 2.2.6.3;dispidFwrdInstance
0x0000820C;PidLidLinkedTaskItems;Indicates whether the user did not include any text in the body of the Meeting Response object.;PtypMultipleBinary, 0x1102;Tasks;[MS-OXOCAL] section 2.2.1.47;dispidLinkedTaskItems
0x0000820D;PidLidAppointmentStartWhole;Specifies the start date and time of the appointment.;PtypTime, 0x0040;Calendar;[MS-OXOCAL] section 2.2.1.5;dispidApptStartWhole
0x0000820E;PidLidAppointmentEndWhole;Specifies the end date and time for the event.;PtypTime, 0x0040;Calendar;[MS-OXOCAL] section 2.2.1.6;dispidApptEndWhole
0x0000820F;PidLidAppointmentStartTime;Identifies the time that the appointment starts.;PtypTime, 0x0040;Calendar;[MS-XWDCAL] section 2.2.7.11;dispidApptStartTime
0x00008210;PidLidAppointmentEndTime;Indicates the time that the appointment ends.;PtypTime, 0x0040;Calendar;[MS-XWDCAL] section 2.2.7.4;dispidApptEndTime
0x00008211;PidLidAppointmentEndDate;Indicates the date that the appointment ends.;PtypTime, 0x0040;Calendar;[MS-XWDCAL] section 2.2.7.3;dispidApptEndDate
0x00008212;PidLidAppointmentStartDate;Identifies the date that the appointment starts.;PtypTime, 0x0040;Calendar;[MS-XWDCAL] section 2.2.7.10;dispidApptStartDate
0x00008213;PidLidAppointmentDuration;Specifies the length of the event, in minutes.;PtypInteger32, 0x0003;Calendar;[MS-OXOCAL] section 2.2.1.7;dispidApptDuration
0x00008214;PidLidAppointmentColor;Specifies the color to be used when displaying the Calendar object.;PtypInteger32, 0x0003;Calendar;[MS-OXOCAL] section 2.2.1.50;dispidApptColor
0x00008215;PidLidAppointmentSubType;Specifies whether the event is an all-day event.;PtypBoolean, 0x000B;Calendar;[MS-OXOCAL] section 2.2.1.9;dispidApptSubType
0x00008216;PidLidAppointmentRecur;Specifies the dates and times when a recurring series occurs.;PtypBinary, 0x0102;Calendar;[MS-OXOCAL] section 2.2.1.44;dispidApptRecur
0x00008217;PidLidAppointmentStateFlags;Specifies a bit field that describes the state of the object.;PtypInteger32, 0x0003;Meetings;[MS-OXOCAL] section 2.2.1.10;dispidApptStateFlags
0x00008218;PidLidResponseStatus;Specifies the response status of an attendee.;PtypInteger32, 0x0003;Meetings;[MS-OXOCAL] section 2.2.1.11;dispidResponseStatus
0x00008220;PidLidAppointmentReplyTime;Specifies the date and time at which the attendee responded to a received meeting request or Meeting Update object.;PtypTime, 0x0040;Meetings;[MS-OXOCAL] section 2.2.4.3;dispidApptReplyTime
0x00008223;PidLidRecurring;Specifies whether the object represents a recurring series.;PtypBoolean, 0x000B;Calendar;[MS-OXOCAL] section 2.2.1.12;dispidRecurring
0x00008224;PidLidIntendedBusyStatus;Contains the value of the PidLidBusyStatus property (section 2.47) on the Meeting object in the organizer's calendar at the time that the Meeting Request object or Meeting Update object was sent.;PtypInteger32, 0x0003;Meetings;[MS-OXOCAL] section 2.2.6.4;dispidIntendedBusyStatus
0x00008226;PidLidAppointmentUpdateTime;Indicates the time at which the appointment was last updated.;PtypTime, 0x0040;Meetings;[MS-XWDCAL] section 2.2.7.15;dispidApptUpdateTime
0x00008228;PidLidExceptionReplaceTime;Specifies the date and time, in UTC, within a recurrence pattern that an exception will replace.;PtypTime, 0x0040;Calendar;[MS-OXOCAL] section 2.2.10.2.5;dispidExceptionReplaceTime
0x00008229;PidLidFInvited;Indicates whether invitations have been sent for the meeting that this Meeting object represents.;PtypBoolean, 0x000B;Meetings;[MS-OXOCAL] section 2.2.4.4;dispidFInvited
0x0000822B;PidLidFExceptionalAttendees;Indicates that the object is a Recurring Calendar object with one or more exceptions, and that at least one of the Exception Embedded Message objects has at least one RecipientRow structure, as described in [MS-OXCDATA] section 2.8.3.;PtypBoolean, 0x000B;Meetings;[MS-OXOCAL] section 2.2.2.3;dispidFExceptionalAttendees
0x0000822E;PidLidOwnerName;Indicates the name of the owner of the mailbox.;PtypString, 0x001F;Meetings;[MS-XWDCAL] section 2.2.7.47;dispidOwnerName
0x0000822F;PidLidFOthersAppointment;Indicates whether the Calendar folder from which the meeting was opened is another user's calendar.;PtypBoolean, 0x000B;Meetings;[MS-XWDCAL] section 2.2.7.26;dispidFOthersAppt, http://schemas.microsoft.com/mapi/fothersappt
0x00008230;PidLidAppointmentReplyName;Specifies the user who last replied to the meeting request or meeting update.;PtypString, 0x001F;Meetings;[MS-OXOCAL] section 2.2.4.5;dispidApptReplyName, http://schemas.microsoft.com/mapi/apptreplyname
0x00008231;PidLidRecurrenceType;Specifies the recurrence type of the recurring series.;PtypInteger32, 0x0003;Calendar;[MS-OXOCAL] section 2.2.1.45;dispidRecurType
0x00008232;PidLidRecurrencePattern;Specifies a description of the recurrence pattern of the Calendar object.;PtypString, 0x001F;Calendar;[MS-OXOCAL] section 2.2.1.46;dispidRecurPattern
0x00008233;PidLidTimeZoneStruct;Specifies time zone information for a recurring meeting.;PtypBinary, 0x0102;Calendar;[MS-OXOCAL] section 2.2.1.39;dispidTimeZoneStruct
0x00008234;PidLidTimeZoneDescription;Specifies a human-readable description of the time zone that is represented by the data in the PidLidTimeZoneStruct property (section 2.342).;PtypString, 0x001F;Calendar;[MS-OXOCAL] section 2.2.1.40;dispidTimeZoneDesc
0x00008235;PidLidClipStart;Specifies the start date and time of the event in UTC.;PtypTime, 0x0040;Calendar;[MS-OXOCAL] section 2.2.1.14;dispidClipStart
0x00008236;PidLidClipEnd;Specifies the end date and time of the event in UTC.;PtypTime, 0x0040;Calendar;[MS-OXOCAL] section 2.2.1.15;dispidClipEnd
0x00008237;PidLidOriginalStoreEntryId;Specifies the EntryID of the delegatorâ€™s message store.;PtypBinary, 0x0102;Meetings; [MS-OXOCAL] section 2.2.4.9;dispidOrigStoreEid, http://schemas.microsoft.com/mapi/origstoreeid
0x00008238;PidLidAllAttendeesString;Specifies a list of all the attendees except for the organizer, including resources and unsendable attendees.;PtypString, 0x001F;Meetings;[MS-OXOCAL] section 2.2.1.16;dispidAllAttendeesString
0x0000823A;PidLidAutoFillLocation;Indicates whether the value of the PidLidLocation property (section 2.159) is set to the PidTagDisplayName property (section 2.676).;PtypBoolean, 0x000B;Meetings;[MS-OXOCAL] section 2.2.4.8;dispidAutoFillLocation
0x0000823B;PidLidToAttendeesString;Contains a list of all of the sendable attendees who are also required attendees.;PtypString, 0x001F;Meetings;[MS-OXOCAL] section 2.2.1.17;dispidToAttendeesString
0x0000823C;PidLidCcAttendeesString;Contains a list of all the sendable attendees who are also optional attendees.;PtypString, 0x001F;Meetings;[MS-OXOCAL] section 2.2.1.18;dispidCCAttendeesString
0x00008240;PidLidConferencingCheck;;PtypBoolean, 0x000B;Conferencing;[MS-OXOCAL] section 2.2.1.56.2;dispidConfCheck
0x00008241;PidLidConferencingType;Specifies the type of the meeting. ;PtypInteger32, 0x0003;Conferencing;[MS-OXOCAL] section 2.2.1.56.3;dispidConfType
0x00008242;PidLidDirectory;Specifies the directory server to be used.;PtypString, 0x001F;Conferencing;[MS-OXOCAL] section 2.2.1.56.4;dispidDirectory
0x00008243;PidLidOrganizerAlias;Specifies the email address of the organizer.;PtypString, 0x001F;Conferencing;[MS-OXOCAL] section 2.2.1.56.6;dispidOrgAlias
0x00008244;PidLidAutoStartCheck;Specifies whether to automatically start the conferencing application when a reminder for the start of a meeting is executed.;PtypBoolean, 0x000B;Conferencing;[MS-OXOCAL] section 2.2.1.56.1 ;dispidAutoStartCheck
0x00008246;PidLidAllowExternalCheck;This property is set to TRUE.;PtypBoolean, 0x000B;Conferencing;[MS-OXOCAL] section 2.2.1.56.5;dispidAllowExternCheck
0x00008247;PidLidCollaborateDoc;Specifies the document to be launched when the user joins the meeting. ;PtypString, 0x001F;Conferencing;[MS-OXOCAL] section 2.2.1.56.7;dispidCollaborateDoc
0x00008248;PidLidNetShowUrl;Specifies the URL to be launched when the user joins the meeting.;PtypString, 0x001F;Conferencing;[MS-OXOCAL] section 2.2.1.56.8;dispidNetShowURL
0x00008249;PidLidOnlinePassword;Specifies the password for a meeting on which the PidLidConferencingType property (section 2.66) has the value 0x00000002. ;PtypString, 0x001F;Conferencing;[MS-OXOCAL] section 2.2.1.56.9;dispidOnlinePassword
0x00008250;PidLidAppointmentProposedStartWhole;Specifies the proposed value for the PidLidAppointmentStartWhole property (section 2.29) for a counter proposal.;PtypTime, 0x0040;Meetings;[MS-OXOCAL] section 2.2.7.3;dispidApptProposedStartWhole
0x00008251;PidLidAppointmentProposedEndWhole;Specifies the proposed value for the PidLidAppointmentEndWhole property (section 2.14) for a counter proposal.;PtypTime, 0x0040;Meetings;[MS-OXOCAL] section 2.2.7.4;dispidApptProposedEndWhole
0x00008256;PidLidAppointmentProposedDuration;Indicates the proposed value for the PidLidAppointmentDuration property (section 2.11) for a counter proposal.;PtypInteger32, 0x0003;Meetings;[MS-OXOCAL] section 2.2.7.5;dispidApptProposedDuration
0x00008257;PidLidAppointmentCounterProposal;Indicates whether a Meeting Response object is a counter proposal.;PtypBoolean, 0x000B;Meetings;[MS-OXOCAL] section 2.2.4.7;dispidApptCounterProposal
0x00008259;PidLidAppointmentProposalNumber;Specifies the number of attendees who have sent counter proposals that have not been accepted or rejected by the organizer.;PtypInteger32, 0x0003;Meetings;[MS-OXOCAL] section 2.2.4.6;dispidApptProposalNum
0x0000825A;PidLidAppointmentNotAllowPropose;Indicates whether attendees are not allowed to propose a new date and/or time for the meeting.;PtypBoolean, 0x000B;Meetings;[MS-OXOCAL] section 2.2.1.26;dispidApptNotAllowPropose
0x0000825D;PidLidAppointmentUnsendableRecipients;Contains a list of unsendable attendees.;PtypBinary, 0x0102;Meetings;[MS-OXOCAL] section 2.2.1.25;dispidApptUnsendableRecips
0x0000825E;PidLidAppointmentTimeZoneDefinitionStartDisplay;Specifies time zone information that indicates the time zone of the PidLidAppointmentStartWhole property (section 2.29).;PtypBinary, 0x0102;Calendar;[MS-OXOCAL] section 2.2.1.42;dispidApptTZDefStartDisplay
0x0000825F;PidLidAppointmentTimeZoneDefinitionEndDisplay;Specifies time zone information that indicates the time zone of the PidLidAppointmentEndWhole property (section 2.14).;PtypBinary, 0x0102;Calendar;[MS-OXOCAL] section 2.2.1.43;dispidApptTZDefEndDisplay
0x00008260;PidLidAppointmentTimeZoneDefinitionRecur;Specifies time zone information that describes how to convert the meeting date and time on a recurring series to and from UTC.;PtypBinary, 0x0102;Calendar;[MS-OXOCAL] section 2.2.1.41;dispidApptTZDefRecur
0x00008261;PidLidForwardNotificationRecipients;Contains a list of RecipientRow structures, as described in [MS-OXCDATA] section 2.8.3, that indicate the recipients of a meeting forward. ;PtypBinary, 0x0102;Meetings;[MS-OXOCAL] section 2.2.9.3;dispidForwardNotificationRecipients
0x0000827A;PidLidInboundICalStream;Contains the contents of the iCalendar MIME part of the original MIME message.;PtypBinary, 0x0102;Calendar;[MS-OXCICAL] section 2.1.3.4.1;InboundICalStream, dispidInboundICalStream
0x0000827B;PidLidSingleBodyICal;Indicates that the original MIME message contained a single MIME part.;PtypBoolean, 0x000B;Calendar;[MS-OXCICAL] section 2.1.3.4.2;IsSingleBodyICal, dispidIsSingleBodyICal
0x00008501;PidLidReminderDelta;Specifies the interval, in minutes, between the time at which the reminder first becomes overdue and the start time of the Calendar object.;PtypInteger32, 0x0003;Reminders;[MS-OXORMDR] section 2.2.1.3;dispidReminderDelta, http://schemas.microsoft.com/mapi/reminderdelta
0x00008502;PidLidReminderTime;Specifies the initial signal time for objects that are not Calendar objects.;PtypTime, 0x0040;Reminders;[MS-OXORMDR] section 2.2.1.4;dispidReminderTime
0x00008503;PidLidReminderSet;Specifies whether a reminder is set on the object.;PtypBoolean, 0x000B;Reminders;[MS-OXORMDR] section 2.2.1.1;dispidReminderSet
0x00008504;PidLidReminderTimeTime;Indicates the time of the reminder for the appointment or meeting.;PtypTime, 0x0040;Reminders;[MS-XWDCAL] section 2.2.7.60;dispidReminderTimeTime
0x00008505;PidLidReminderTimeDate;Indicates the time and date of the reminder for the appointment or meeting.;PtypTime, 0x0040;Reminders;[MS-XWDCAL] section 2.2.7.59;dispidReminderTimeDate
0x00008506;PidLidPrivate;Indicates whether the end user wishes for this Message object to be hidden from other users who have access to the Message object.;PtypBoolean, 0x000B;General Message Properties;[MS-OXCMSG] section 2.2.1.15;dispidPrivate
0x0000850E;PidLidAgingDontAgeMe;Specifies whether to automatically archive the message.;PtypBoolean, 0x000B;Common;[MS-OXCMSG] section 2.2.1.33;dispidAgingDontAgeMe
0x00008510;PidLidSideEffects;Specifies how a Message object is handled by the client in relation to certain user interface actions by the user, such as deleting a message.;PtypInteger32, 0x0003;Run-time configuration;[MS-OXCMSG] section 2.2.1.16;dispidSideEffects
0x00008511;PidLidRemoteStatus;Indicates the remote status of the calendar item.;PtypInteger32, 0x0003;Run-time configuration;[MS-XWDCAL] section 2.2.7.62;dispidRemoteStatus
0x00008514;PidLidSmartNoAttach;Indicates whether the Message object has no end-user visible attachments.;PtypBoolean, 0x000B;Run-time configuration;[MS-OXCMSG] section 2.2.1.14;dispidSmartNoAttach
0x00008516;PidLidCommonStart;Indicates the start time for the Message object. ;PtypTime, 0x0040;General Message Properties;[MS-OXCMSG] section 2.2.1.18;dispidCommonStart
0x00008517;PidLidCommonEnd;Indicates the end time for the Message object. ;PtypTime, 0x0040;General Message Properties;[MS-OXCMSG] section 2.2.1.19;dispidCommonEnd
0x00008518;PidLidTaskMode;Specifies the assignment status of the embedded Task object.;PtypInteger32, 0x0003;Tasks;[MS-OXOTASK] section 2.2.3.2;dispidTaskMode
0x00008519;PidLidTaskGlobalId;Contains a unique GUID for this task, which is used to locate an existing task upon receipt of a task response or task update.;PtypBinary, 0x0102;Tasks;[MS-OXOTASK] section 2.2.2.2.32;dispidTaskGlobalObjId
0x0000851A;PidLidAutoProcessState;Specifies the options used in the automatic processing of email messages.;PtypInteger32, 0x0003;General Message Properties;[MS-OXOMSG] section 2.2.1.73;dispidSniffState
0x0000851C;PidLidReminderOverride;Specifies whether the client is to respect the current values of the  PidLidReminderPlaySound property (section 2.221) and the PidLidReminderFileParameter property (section 2.219), or use the default values for those properties.;PtypBoolean, 0x000B;Reminders;[MS-OXORMDR] section 2.2.1.5;dispidReminderOverride
0x0000851D;PidLidReminderType;This property is not set and, if set, is ignored.;PtypInteger32, 0x0003;Reminders;[MS-OXORMDR] section 2.2.1.9;dispidReminderType, http://schemas.microsoft.com/mapi/remindertype
0x0000851E;PidLidReminderPlaySound;Specifies whether the client is to play a sound when the reminder becomes overdue.;PtypBoolean, 0x000B;Reminders;[MS-OXORMDR] section 2.2.1.6;dispidReminderPlaySound
0x0000851F;PidLidReminderFileParameter;Specifies the filename of the sound that a client is to play when the reminder for that object becomes overdue. ;PtypString, 0x001F;Reminders;[MS-OXORMDR] section 2.2.1.7;dispidReminderFileParam
0x00008520;PidLidVerbStream;Specifies what voting responses the user can make in response to the message.;PtypBinary, 0x0102;Run-time configuration;[MS-OXOMSG] section 2.2.1.74;dispidVerbStream
0x00008524;PidLidVerbResponse;Specifies the voting option that a respondent has selected.;PtypString, 0x001F;General Message Properties;[MS-OXOMSG] section 2.2.1.75;dispidVerbResponse
0x00008530;PidLidFlagRequest;Contains user-specifiable text to be associated with the flag.;PtypString, 0x001F;Flagging;[MS-OXOFLAG] section 2.2.1.9;dispidRequest
0x00008535;PidLidBilling;Specifies billing information for the contact.;PtypString, 0x001F;General Message Properties;[MS-OXOCNTC] section 2.2.1.10.24;dispidBilling
0x00008536;PidLidNonSendableTo;Contains a list of all of the unsendable attendees who are also required attendees.;PtypString, 0x001F;Meetings;[MS-OXOCAL] section 2.2.1.19;dispidNonSendableTo
0x00008537;PidLidNonSendableCc;Contains a list of all of the unsendable attendees who are also optional attendees.;PtypString, 0x001F;Meetings;[MS-OXOCAL] section 2.2.1.20;dispidNonSendableCC
0x00008538;PidLidNonSendableBcc;Contains a list of all of the unsendable attendees who are also resources.;PtypString, 0x001F;Meetings;[MS-OXOCAL] section 2.2.1.21;dispidNonSendableBCC
0x00008539;PidLidCompanies;Contains a list of company names, each of which is associated with a contact that is specified in the PidLidContacts property ([MS-OXCMSG] section 2.2.1.57.2).;PtypMultipleString, 0x101F;General Message Properties;[MS-OXOJRNL] section 2.2.2.4;dispidCompanies, http://schemas.microsoft.com/exchange/companies
0x0000853A;PidLidContacts;Contains the PidTagDisplayName property (section 2.676) of each Address Book EntryID referenced in the value of the PidLidContactLinkEntry property (section 2.70).;PtypMultipleString, 0x101F;General Message Properties;[MS-OXCMSG] section 2.2.1.57.2;dispidContacts
0x00008543;PidLidNonSendToTrackStatus;Contains the value from the response table.;PtypMultipleInteger32, 0x1003;General Message Properties;[MS-OXOCAL] section 2.2.1.22;dispidNonSendToTrackStatus
0x00008544;PidLidNonSendCcTrackStatus;Contains the value from the response table.;PtypMultipleInteger32, 0x1003;General Message Properties;[MS-OXOCAL] section 2.2.1.23;dispidNonSendCcTrackStatus
0x00008545;PidLidNonSendBccTrackStatus;Contains the value from the response table.;PtypMultipleInteger32, 0x1003;General Message Properties;[MS-OXOCAL] section 2.2.1.24;dispidNonSendBccTrackStatus
0x00008552;PidLidCurrentVersion;Specifies the build number of the client application that sent the message.;PtypInteger32, 0x0003;General Message Properties;[MS-OXCMSG] section 2.2.1.34;dispidCurrentVersion
0x00008554;PidLidCurrentVersionName;Specifies the name of the client application that sent the message.;PtypString, 0x001F;General Message Properties;[MS-OXCMSG] section 2.2.1.35;dispidCurrentVersionName
0x00008560;PidLidReminderSignalTime;Specifies the point in time when a reminder transitions from pending to overdue. ;PtypTime, 0x0040;Reminders;[MS-OXORMDR] section 2.2.1.2;dispidReminderNextTime
0x00008580;PidLidInternetAccountName;Specifies the user-visible email account name through which the email message is sent.;PtypString, 0x001F;General Message Properties;[MS-OXOMSG] section 2.2.1.62;dispidInetAcctName
0x00008581;PidLidInternetAccountStamp;Specifies the email account ID through which the email message is sent.;PtypString, 0x001F;General Message Properties;[MS-OXOMSG] section 2.2.1.63;dispidInetAcctStamp
0x00008582;PidLidUseTnef;Specifies whether Transport Neutral Encapsulation Format (TNEF) is to be included on a message when the message is converted from TNEF to MIME or SMTP format.;PtypBoolean, 0x000B;Run-time configuration;[MS-OXOMSG] section 2.2.1.66;dispidUseTNEF
0x00008584;PidLidContactLinkSearchKey;Contains the list of SearchKeys for a Contact object linked to by the Message object.;PtypBinary, 0x0102;Contact Properties;[MS-OXCMSG] section 2.2.1.57.4;dispidContactLinkSearchKey
0x00008585;PidLidContactLinkEntry;Contains the elements of the PidLidContacts property (section 2.77).;PtypBinary, 0x0102;Contact Properties;[MS-OXCMSG] section 2.2.1.57.1;dispidContactLinkEntry
0x00008586;PidLidContactLinkName;;PtypString, 0x001F;Contact Properties;[MS-OXCMSG] section 2.2.1.57.3;dispidContactLinkName
0x0000859C;PidLidSpamOriginalFolder;Specifies which folder a message was in before it was filtered into the Junk Email folder.;PtypBinary, 0x0102;Spam;[MS-OXCSPAM] section 2.2.1.1;dispidSpamOriginalFolder
0x000085A0;PidLidToDoOrdinalDate;Contains the current time, in UTC, which is used to determine the sort order of objects in a consolidated to-do list.;PtypTime, 0x0040;Tasks;[MS-OXOFLAG] section 2.2.1.13;dispidToDoOrdinalDate
0x000085A1;PidLidToDoSubOrdinal;Contains the numerals 0 through 9 that are used to break a tie when the PidLidToDoOrdinalDate property (section 2.344) is used to perform a sort of objects.;PtypString, 0x001F;Tasks;[MS-OXOFLAG] section 2.2.1.14;dispidToDoSubOrdinal
0x000085A4;PidLidToDoTitle;Contains user-specifiable text to identify this Message object in a consolidated to-do list.;PtypString, 0x001F;Tasks;[MS-OXOFLAG] section 2.2.1.12;dispidToDoTitle
0x000085B1;PidLidInfoPathFormName;Contains the name of the form associated with this message.;PtypString, 0x001F;Common;[MS-OXCMSG] section 2.2.1.27;
0x000085B5;PidLidClassified;Indicates whether the contents of this message are regarded as classified information.;PtypBoolean, 0x000B;General Message Properties;[MS-OXCMSG] section 2.2.1.25;dispidClassified
0x000085B6;PidLidClassification;Contains a list of the classification categories to which the associated Message object has been assigned.;PtypString, 0x001F;General Message Properties;[MS-OXCMSG] section 2.2.1.23;dispidClassification
0x000085B7;PidLidClassificationDescription;Contains a human-readable summary of each of the classification categories included in the PidLidClassification property (section 2.53).;PtypString, 0x001F;General Message Properties;[MS-OXCMSG] section 2.2.1.24;dispidClassDesc
0x000085B8;PidLidClassificationGuid;Contains the GUID that identifies the list of email classification categories used by a Message object.;PtypString, 0x001F;General Message Properties;[MS-OXCMAIL] section 2.5.1;dispidClassGuid
0x000085BA;PidLidClassificationKeep;Indicates whether the message uses any classification categories.;PtypBoolean, 0x000B;General Message Properties;[MS-OXCMAIL] section 2.5.2;dispidClassKeep
0x000085BD;PidLidReferenceEntryId;Specifies the value of the EntryID of the Contact object unless the Contact object is a copy of an earlier original.;PtypBinary, 0x0102;Contact Properties;[MS-OXOCNTC] section 2.2.1.10.1;dispidReferenceEID
0x000085BF;PidLidValidFlagStringProof;Contains the value of the PidTagMessageDeliveryTime  property (section 2.789) when modifying the PidLidFlagRequest property (section 2.136).;PtypTime, 0x0040;Tasks;[MS-OXOFLAG] section 2.2.1.11;dispidValidFlagStringProof
0x000085C0;PidLidFlagString;Contains an index identifying one of a set of pre-defined text strings to be associated with the flag.;PtypInteger32, 0x0003;Tasks;[MS-OXOFLAG] section 2.2.1.10;dispidFlagStringEnum
0x000085C6;PidLidConversationActionMoveFolderEid;Contains the EntryID for the destination folder.;PtypBinary, 0x0102;Conversation Actions;[MS-OXOCFG] section 2.2.8.3;dispidConvActionMoveFolderEid
0x000085C7;PidLidConversationActionMoveStoreEid;Contains the EntryID for a move to a folder in a different message store.;PtypBinary, 0x0102;Conversation Actions;[MS-OXOCFG] section 2.2.8.4;dispidConvActionMoveStoreEid
0x000085C8;PidLidConversationActionMaxDeliveryTime;Contains the maximum value of the PidTagMessageDeliveryTime property (section 2.789) of all of the Email objects modified in response to the last time that the user changed a conversation action on the client.;PtypTime, 0x0040;Conversation Actions;[MS-OXOCFG] section 2.2.8.2;dispidConvActionMaxDeliveryTime
0x000085C9;PidLidConversationProcessed;Specifies a sequential number to be used in the processing of a conversation action.;PtypInteger32, 0x0003;Conversation Actions;[MS-OXOCFG] section 2.2.8.6;dispidConvExLegacyProcessedRand
0x000085CA;PidLidConversationActionLastAppliedTime;Contains the time, in UTC, that an Email object was last received in the conversation, or the last time that the user modified the conversation action, whichever occurs later.;PtypTime, 0x0040;Conversation Actions;[MS-OXOCFG] section 2.2.8.1;dispidConvActionLastAppliedTime
0x000085CB;PidLidConversationActionVersion;Contains the version of the conversation action FAI message.;PtypInteger32, 0x0003;Conversation Actions;[MS-OXOCFG] section 2.2.8.5;dispidConvActionVersion
0x000085CC;PidLidServerProcessed;Indicates whether the Meeting Request object or Meeting Update object has been processed.;PtypBoolean, 0x000B;Calendar;[MS-OXOCAL] section 2.2.5.4;dispidExchangeProcessed
0x000085CD;PidLidServerProcessingActions;Indicates what processing actions have been taken on this Meeting Request object or Meeting Update object.;PtypInteger32, 0x0003;Calendar;[MS-OXOCAL] section 2.2.5.5;dispidExchangeProcessingAction
0x000085E0;PidLidPendingStateForSiteMailboxDocument;Specifies the synchronization state of the Document object that is in the Document Libraries folder of the site mailbox.; PtypInteger32, 0x0003;Site Mailbox ;[MS-OXODOC] section 2.2.1.34;dispidPendingStateforTMDocument  
0x00008700;PidLidLogType;Briefly describes the journal activity that is being recorded.;PtypString, 0x001F;Journal;[MS-OXOJRNL] section 2.2.1.1;dispidLogType
0x00008706;PidLidLogStart;Contains the time, in UTC, at which the activity began.;PtypTime, 0x0040;Journal;[MS-OXOJRNL] section 2.2.1.3;dispidLogStart
0x00008707;PidLidLogDuration;Contains the duration, in minutes, of the activity.;PtypInteger32, 0x0003;Journal;[MS-OXOJRNL] section 2.2.1.5;dispidLogDuration
0x00008708;PidLidLogEnd;Contains the time, in UTC, at which the activity ended.;PtypTime, 0x0040;Journal;[MS-OXOJRNL] section 2.2.1.4;dispidLogEnd
0x0000870C;PidLidLogFlags;Contains metadata about the Journal object.;PtypInteger32, 0x0003;Journal;[MS-OXOJRNL] section 2.2.1.6;dispidLogFlags
0x0000870E;PidLidLogDocumentPrinted;Indicates whether the document was printed during journaling.;PtypBoolean, 0x000B;Journal;[MS-OXOJRNL] section 2.2.1.7;dispidLogDocPrinted
0x0000870F;PidLidLogDocumentSaved;Indicates whether the document was saved during journaling.;PtypBoolean, 0x000B;Journal;[MS-OXOJRNL] section 2.2.1.8;dispidLogDocSaved
0x00008710;PidLidLogDocumentRouted;Indicates whether the document was sent to a routing recipient during journaling.;PtypBoolean, 0x000B;Journal;[MS-OXOJRNL] section 2.2.1.9;dispidLogDocRouted
0x00008711;PidLidLogDocumentPosted;Indicates whether the document was sent by email or posted to a server folder during journaling. ;PtypBoolean, 0x000B;Journal;[MS-OXOJRNL] section 2.2.1.10;dispidLogDocPosted
0x00008712;PidLidLogTypeDesc;Contains an expanded description of the journal activity that is being recorded.;PtypString, 0x001F;Journal;[MS-OXOJRNL] section 2.2.1.2;dispidLogTypeDesc
0x00008900;PidLidPostRssChannelLink;Contains the URL of the RSS or Atom feed from which the XML file came.;PtypString, 0x001F;RSS;[MS-OXORSS] section 2.2.1.1;dispidPostRssChannelLink
0x00008901;PidLidPostRssItemLink;Contains the URL of the link from an RSS or Atom item.;PtypString, 0x001F;RSS;[MS-OXORSS] section 2.2.1.2;dispidPostRssItemLink
0x00008902;PidLidPostRssItemHash;Contains a hash of the feed XML computed by using an implementation-dependent algorithm.;PtypInteger32, 0x0003;RSS;[MS-OXORSS] section 2.2.1.3;dispidPostRssItemHash
0x00008903;PidLidPostRssItemGuid;Contains a unique identifier for the RSS object.;PtypString, 0x001F;RSS;[MS-OXORSS] section 2.2.1.4;dispidPostRssItemGuid
0x00008904;PidLidPostRssChannel;Contains the contents of the title field from the XML of the Atom feed or RSS channel.;PtypString, 0x001F;RSS;[MS-OXORSS] section 2.2.1.5;dispidPostRssChannel
0x00008905;PidLidPostRssItemXml;Contains the item element and all of its sub-elements from an RSS feed, or the entry element and all of its sub-elements from an Atom feed.;PtypString, 0x001F;RSS;[MS-OXORSS] section 2.2.1.6;dispidPostRssItemXml
0x00008906;PidLidPostRssSubscription;Contains the user's preferred name for the RSS or Atom subscription.;PtypString, 0x001F;RSS;[MS-OXORSS] section 2.2.1.7;dispidPostRssSubscription
0x00008A00;PidLidSharingStatus;Contains a value that is ignored by the server no matter what value is generated by the client.;PtypInteger32, 0x0003;Sharing;[MS-OXSHARE] section 2.2.6;dispidSharingStatus
0x00008A01;PidLidSharingProviderGuid;"Contains the value ""%xAE.F0.06.00.00.00.00.00.C0.00.00.00.00.00.00.46"".";PtypBinary, 0x0102;Sharing;[MS-OXSHARE] section 2.2.2.12;dispidSharingProviderGuid
0x00008A02;PidLidSharingProviderName;Contains a user-displayable name of the sharing provider identified by the PidLidSharingProviderGuid property (section 2.266).;PtypString, 0x001F;Sharing;[MS-OXSHARE] section 2.2.2.14;dispidSharingProviderName
0x00008A03;PidLidSharingProviderUrl;Contains a URL related to the sharing provider identified by the PidLidSharingProviderGuid property (section 2.266).;PtypString, 0x001F;Sharing;[MS-OXSHARE] section 2.2.2.16;dispidSharingProviderUrl
0x00008A04;PidLidSharingRemotePath;Contains a value that is ignored by the server no matter what value is generated by the client.;PtypString, 0x001F;Sharing;[MS-OXSHARE] section 2.2.6;dispidSharingRemotePath
0x00008A05;PidLidSharingRemoteName;Contains the value of the PidTagDisplayName property (section 2.676) on the folder being shared.;PtypString, 0x001F;Sharing;[MS-OXSHARE] section 2.2.3.1;dispidSharingRemoteName
0x00008A06;PidLidSharingRemoteUid;Contains the EntryID of the folder being shared.;PtypString, 0x001F;Sharing;[MS-OXSHARE] section 2.2.3.7;dispidSharingRemoteUid
0x00008A07;PidLidSharingInitiatorName;Contains the value of the PidTagDisplayName property (section 2.676) from the Address Book object identified by the PidLidSharingInitiatorEntryId property (section 2.248).;PtypString, 0x001F;Sharing;[MS-OXSHARE] section 2.2.2.8;dispidSharingInitiatorName
0x00008A08;PidLidSharingInitiatorSmtp;Contains the value of the PidTagSmtpAddress property (section 2.1020) from the Address Book object identified by the PidLidSharingInitiatorEntryId property (section 2.248).;PtypString, 0x001F;Sharing;[MS-OXSHARE] section 2.2.2.9;dispidSharingInitiatorSmtp
0x00008A09;PidLidSharingInitiatorEntryId;Contains the value of the PidTagEntryId property (section 2.683) for the Address Book object of the currently logged-on user.;PtypBinary, 0x0102;Sharing;[MS-OXSHARE] section 2.2.2.7;dispidSharingInitiatorEid
0x00008A0A;PidLidSharingFlags;Contains a value that is ignored by the server no matter what value is generated by the client.;PtypInteger32, 0x0003;Sharing;[MS-OXSHARE] section 2.2.6;dispidSharingFlags
0x00008A0B;PidLidSharingProviderExtension;Contains a value that is ignored by the server no matter what value is generated by the client.;PtypString, 0x001F;Sharing;[MS-OXSHARE] section 2.2.6;dispidSharingProviderExtension
0x00008A0C;PidLidSharingRemoteUser;Contains a value that is ignored by the server no matter what value is generated by the client.;PtypString, 0x001F;Sharing;[MS-OXSHARE] section 2.2.6;dispidSharingRemoteUser
0x00008A0D;PidLidSharingRemotePass;Contains a value that is ignored by the server no matter what value is generated by the client.;PtypString, 0x001F;Sharing;[MS-OXSHARE] section 2.2.6;dispidSharingRemotePass
0x00008A0E;PidLidSharingLocalPath;Contains a value that is ignored by the server no matter what value is generated by the client.;PtypString, 0x001F;Sharing;[MS-OXSHARE] section 2.2.6;dispidSharingLocalPath
0x00008A0F;PidLidSharingLocalName;Contains a value that is ignored by the server no matter what value is generated by the client.;PtypString, 0x001F;Sharing;[MS-OXSHARE] section 2.2.6;dispidSharingLocalName
0x00008A10;PidLidSharingLocalUid;Contains a value that is ignored by the server no matter what value is generated by the client.;PtypString, 0x001F;Sharing;[MS-OXSHARE] section 2.2.6;dispidSharingLocalUid
0x00008A13;PidLidSharingFilter;Contains a value that is ignored by the server no matter what value is generated by the client.;PtypBinary, 0x0102;Sharing;[MS-OXSHARE] section 2.2.6;dispidSharingFilter
0x00008A14;PidLidSharingLocalType;Contains the value of the PidTagContainerClass property (section 2.642) of the folder being shared.;PtypString, 0x001F;Sharing;[MS-OXSHARE] section 2.2.2.10;dispidSharingLocalType
0x00008A15;PidLidSharingFolderEntryId;Contains a value that is ignored by the server no matter what value is generated by the client.;PtypBinary, 0x0102;Sharing;[MS-OXSHARE] section 2.2.6;dispidSharingFolderEid
0x00008A17;PidLidSharingCapabilities;Indicates that the Message object relates to a special folder.;PtypInteger32, 0x0003;Sharing;[MS-OXSHARE] section 2.2.2.1;dispidSharingCaps
0x00008A18;PidLidSharingFlavor;Indicates the type of Sharing Message object.;PtypInteger32, 0x0003;Sharing;[MS-OXSHARE] section 2.2.2.5;dispidSharingFlavor
0x00008A19;PidLidSharingAnonymity;Contains a value that is ignored by the server no matter what value is generated by the client.;PtypInteger32, 0x0003;Sharing;[MS-OXSHARE] section 2.2.6;dispidSharingAnonymity
0x00008A1A;PidLidSharingReciprocation;Contains a value that is ignored by the server no matter what value is generated by the client.;PtypInteger32, 0x0003;Sharing;[MS-OXSHARE] section 2.2.6;dispidSharingReciprocation
0x00008A1B;PidLidSharingPermissions;Contains a value that is ignored by the server no matter what value is generated by the client.;PtypInteger32, 0x0003;Sharing;[MS-OXSHARE] section 2.2.6;dispidSharingPermissions
0x00008A1C;PidLidSharingInstanceGuid;Contains a value that is ignored by the server no matter what value is generated by the client.;PtypBinary, 0x0102;Sharing;[MS-OXSHARE] section 2.2.6;dispidSharingInstanceGuid
0x00008A1D;PidLidSharingRemoteType;Contains the same value as the PidLidSharingLocalType property (section 2.259).;PtypString, 0x001F;Sharing;[MS-OXSHARE] section 2.2.3.5;dispidSharingRemoteType
0x00008A1E;PidLidSharingParticipants;Contains a value that is ignored by the server no matter what value is generated by the client.;PtypString, 0x001F;Sharing;[MS-OXSHARE] section 2.2.6;dispidSharingParticipants
0x00008A1F;PidLidSharingLastSyncTime;Contains a value that is ignored by the server no matter what value is generated by the client.;PtypTime, 0x0040;Sharing;[MS-OXSHARE] section 2.2.6;dispidSharingLastSync
0x00008A21;PidLidSharingExtensionXml;Contains a value that is ignored by the server no matter what value is generated by the client.;PtypString, 0x001F;Sharing;[MS-OXSHARE] section 2.2.6;dispidSharingExtXml
0x00008A22;PidLidSharingRemoteLastModificationTime;Contains a value that is ignored by the server no matter what value is generated by the client.;PtypTime, 0x0040;Sharing;[MS-OXSHARE] section 2.2.6;dispidSharingRemoteLastMod
0x00008A23;PidLidSharingLocalLastModificationTime;Contains a value that is ignored by the server no matter what value is generated by the client.;PtypTime, 0x0040;Sharing;[MS-OXSHARE] section 2.2.6;dispidSharingLocalLastMod
0x00008A24;PidLidSharingConfigurationUrl;Contains a zero-length string.;PtypString, 0x001F;Sharing;[MS-OXSHARE] section 2.2.2.3;dispidSharingConfigUrl
0x00008A25;PidLidSharingStart;Contains a value that is ignored by the server no matter what value is generated by the client.;PtypTime, 0x0040;Sharing;[MS-OXSHARE] section 2.2.6;dispidSharingStart
0x00008A26;PidLidSharingStop;Contains a value that is ignored by the server no matter what value is generated by the client.;PtypTime, 0x0040;Sharing;[MS-OXSHARE] section 2.2.6;dispidSharingStop
0x00008A27;PidLidSharingResponseType;Contains the type of response with which the recipient of the sharing request responded.;PtypInteger32, 0x0003;Sharing;[MS-OXSHARE] section 2.2.4.2;dispidSharingResponseType
0x00008A28;PidLidSharingResponseTime;Contains the time at which the recipient of the sharing request sent a sharing response.;PtypTime, 0x0040;Sharing;[MS-OXSHARE] section 2.2.4.1;dispidSharingResponseTime
0x00008A29;PidLidSharingOriginalMessageEntryId;Contains a value that is ignored by the server no matter what value is generated by the client.;PtypBinary, 0x0102;Sharing;[MS-OXSHARE] section 2.2.6;dispidSharingOriginalMessageEid
0x00008A2A;PidLidSharingSyncInterval;Contains a value that is ignored by the server no matter what value is generated by the client.;PtypInteger32, 0x0003;Sharing;[MS-OXSHARE] section 2.2.6;dispidSharingSyncInterval
0x00008A2B;PidLidSharingDetail;Contains a value that is ignored by the server no matter what value is generated by the client.;PtypInteger32, 0x0003;Sharing;[MS-OXSHARE] section 2.2.6;dispidSharingDetail
0x00008A2C;PidLidSharingTimeToLive;Contains a value that is ignored by the server no matter what value is generated by the client.;PtypInteger32, 0x0003;Sharing;[MS-OXSHARE] section 2.2.6;dispidSharingTimeToLive
0x00008A2D;PidLidSharingBindingEntryId;Contains a value that is ignored by the server no matter what value is generated by the client.;PtypBinary, 0x0102;Sharing;[MS-OXSHARE] section 2.2.6;dispidSharingBindingEid
0x00008A2E;PidLidSharingIndexEntryId;Contains a value that is ignored by the server no matter what value is generated by the client.;PtypBinary, 0x0102;Sharing;[MS-OXSHARE] section 2.2.6;dispidSharingIndexEid
0x00008A2F;PidLidSharingRemoteComment;Contains a value that is ignored by the server no matter what value is generated by the client.;PtypString, 0x001F;Sharing;[MS-OXSHARE] section 2.2.6;dispidSharingRemoteComment
0x00008A40;PidLidSharingWorkingHoursStart;Contains a value that is ignored by the server no matter what value is generated by the client.;PtypTime, 0x0040;Sharing;[MS-OXSHARE] section 2.2.6;dispidSharingWorkingHoursStart
0x00008A41;PidLidSharingWorkingHoursEnd;Contains a value that is ignored by the server no matter what value is generated by the client.;PtypTime, 0x0040;Sharing;[MS-OXSHARE] section 2.2.6;dispidSharingWorkingHoursEnd
0x00008A42;PidLidSharingWorkingHoursDays;Contains a value that is ignored by the server no matter what value is generated by the client.;PtypInteger32, 0x0003;Sharing;[MS-OXSHARE] section 2.2.6;dispidSharingWorkingHoursDays
0x00008A43;PidLidSharingWorkingHoursTimeZone;Contains a value that is ignored by the server no matter what value is generated by the client.;PtypBinary, 0x0102;Sharing;[MS-OXSHARE] section 2.2.6;dispidSharingWorkingHoursTZ
0x00008A44;PidLidSharingDataRangeStart;Contains a value that is ignored by the server no matter what value is generated by the client.;PtypTime, 0x0040;Sharing;[MS-OXSHARE] section 2.2.6;dispidSharingDataRangeStart
0x00008A45;PidLidSharingDataRangeEnd;Contains a value that is ignored by the server no matter what value is generated by the client.;PtypTime, 0x0040;Sharing;[MS-OXSHARE] section 2.2.6;dispidSharingDataRangeEnd
0x00008A46;PidLidSharingRangeStart;Contains a value that is ignored by the server no matter what value is generated by the client.;PtypInteger32, 0x0003;Sharing;[MS-OXSHARE] section 2.2.6;dispidSharingRangeStart
0x00008A47;PidLidSharingRangeEnd;Contains a value that is ignored by the server no matter what value is generated by the client.;PtypInteger32, 0x0003;Sharing;[MS-OXSHARE] section 2.2.6;dispidSharingRangeEnd
0x00008A48;PidLidSharingRemoteStoreUid;Contains a hexadecimal string representation of the value of the PidTagStoreEntryId property (section 2.1028) on the folder being shared.;PtypString, 0x001F;Sharing;[MS-OXSHARE] section 2.2.3.3;dispidSharingRemoteStoreUid
0x00008A49;PidLidSharingLocalStoreUid;Contains a value that is ignored by the server no matter what value is generated by the client.;PtypString, 0x001F;Sharing;[MS-OXSHARE] section 2.2.6;dispidSharingLocalStoreUid
0x00008A4B;PidLidSharingRemoteByteSize;Contains a value that is ignored by the server no matter what value is generated by the client.;PtypInteger32, 0x0003;Sharing;[MS-OXSHARE] section 2.2.6;dispidSharingRemoteByteSize
0x00008A4C;PidLidSharingRemoteCrc;Contains a value that is ignored by the server no matter what value is generated by the client.;PtypInteger32, 0x0003;Sharing;[MS-OXSHARE] section 2.2.6;dispidSharingRemoteCrc
0x00008A4D;PidLidSharingLocalComment;Contains a value that is ignored by the server no matter what value is generated by the client.;PtypString, 0x001F;Sharing;[MS-OXSHARE] section 2.2.6;dispidSharingLocalComment
0x00008A4E;PidLidSharingRoamLog;Contains a value that is ignored by the server no matter what value is generated by the client.;PtypInteger32, 0x0003;Sharing;[MS-OXSHARE] section 2.2.6;dispidSharingRoamLog
0x00008A4F;PidLidSharingRemoteMessageCount;Contains a value that is ignored by the server no matter what value is generated by the client.;PtypInteger32, 0x0003;Sharing;[MS-OXSHARE] section 2.2.6;dispidSharingRemoteMsgCount
0x00008A51;PidLidSharingBrowseUrl;Contains a value that is ignored by the server no matter what value is generated by the client.;PtypString, 0x001F;Sharing;[MS-OXSHARE] section 2.2.6;dispidSharingBrowseUrl
0x00008A55;PidLidSharingLastAutoSyncTime;Contains a value that is ignored by the server no matter what value is generated by the client.;PtypTime, 0x0040;Sharing;[MS-OXSHARE] section 2.2.6;dispidSharingLastAutoSync
0x00008A56;PidLidSharingTimeToLiveAuto;Contains a value that is ignored by the server no matter what value is generated by the client.;PtypInteger32, 0x0003;Sharing;[MS-OXSHARE] section 2.2.6;dispidSharingTimeToLiveAuto
0x00008A5B;PidLidSharingRemoteVersion;Contains a value that is ignored by the server no matter what value is generated by the client.;PtypString, 0x001F;Sharing;[MS-OXSHARE] section 2.2.6;dispidSharingRemoteVersion
0x00008A5C;PidLidSharingParentBindingEntryId;Contains a value that is ignored by the server no matter what value is generated by the client.;PtypBinary, 0x0102;Sharing;[MS-OXSHARE] section 2.2.6;dispidSharingParentBindingEid
0x00008A60;PidLidSharingSyncFlags;Contains a value that is ignored by the server no matter what value is generated by the client.;PtypInteger32, 0x0003;Sharing;[MS-OXSHARE] section 2.2.6;dispidSharingSyncFlags
0x00008B00;PidLidNoteColor;Specifies the suggested background color of the Note object.;PtypInteger32, 0x0003;Sticky Notes;[MS-OXONOTE] section 2.2.1.1;dispidNoteColor
0x00008B02;PidLidNoteWidth;Specifies the width of the visible message window in pixels.;PtypInteger32, 0x0003;Sticky Notes;[MS-OXONOTE] section 2.2.1.2;dispidNoteWidth
0x00008B03;PidLidNoteHeight;Specifies the height of the visible message window in pixels.;PtypInteger32, 0x0003;Sticky Notes;[MS-OXONOTE] section 2.2.1.3;dispidNoteHeight
0x00008B04;PidLidNoteX;Specifies the distance, in pixels, from the left edge of the screen that a user interface displays a Note object.;PtypInteger32, 0x0003;Sticky Notes;[MS-OXONOTE] section 2.2.1.4;dispidNoteX
0x00008B05;PidLidNoteY;Specifies the distance, in pixels, from the top edge of the screen that a user interface displays a Note object.;PtypInteger32, 0x0003;Sticky Notes;[MS-OXONOTE] section 2.2.1.5;dispidNoteY
0x00009000;PidLidCategories;Contains the array of text labels assigned to this Message object.;PtypMultipleString, 0x101F;Common;[MS-OXCMSG] section 2.2.1.22;dispidCategories
